{
    "metrics": {
        "http_req_sending": {
            "p(95)": 0.014,
            "avg": 0.008344179856114934,
            "min": 0.001,
            "med": 0.006,
            "max": 6.684,
            "p(90)": 0.011
        },
        "http_req_failed": {
            "passes": 0,
            "fails": 139000,
            "value": 0
        },
        "http_req_receiving": {
            "min": 0.005,
            "med": 0.021,
            "max": 11.959,
            "p(90)": 0.047,
            "p(95)": 0.062,
            "avg": 0.030310517985605093
        },
        "http_req_waiting": {
            "max": 1278.449,
            "p(90)": 480.8478,
            "p(95)": 581.699,
            "avg": 197.8974844172664,
            "min": 1.143,
            "med": 131.6825
        },
        "http_req_duration{expected_response:true}": {
            "p(90)": 480.8822,
            "p(95)": 581.7280999999999,
            "avg": 197.93613911511088,
            "min": 1.156,
            "med": 131.7145,
            "max": 1278.475
        },
        "http_reqs": {
            "count": 139000,
            "rate": 992.8539231737063
        },
        "iterations": {
            "count": 139000,
            "rate": 992.8539231737063
        },
        "vus": {
            "value": 1,
            "min": 1,
            "max": 399
        },
        "errors": {
            "passes": 0,
            "fails": 0,
            "thresholds": {
                "rate<0.01": false
            },
            "value": 0
        },
        "data_received": {
            "count": 46008900,
            "rate": 328633.9342870988
        },
        "http_req_blocked": {
            "med": 0.002,
            "max": 4.031,
            "p(90)": 0.003,
            "p(95)": 0.004,
            "avg": 0.0033042589928032407,
            "min": 0
        },
        "search_latency": {
            "avg": 197.93613911511088,
            "min": 1.156,
            "med": 131.7145,
            "max": 1278.475,
            "p(90)": 480.8822,
            "p(95)": 581.7280999999999
        },
        "checks": {
            "passes": 139000,
            "fails": 0,
            "value": 1
        },
        "data_sent": {
            "count": 16672537,
            "rate": 119089.1638108545
        },
        "http_req_duration": {
            "med": 131.7145,
            "max": 1278.475,
            "p(90)": 480.8822,
            "p(95)": 581.7280999999999,
            "avg": 197.93613911511088,
            "min": 1.156
        },
        "http_req_duration{kind:search}": {
            "avg": 197.93613911511088,
            "min": 1.156,
            "med": 131.7145,
            "max": 1278.475,
            "p(90)": 480.8822,
            "p(95)": 581.7280999999999,
            "thresholds": {
                "p(95)<50": true
            }
        },
        "http_req_tls_handshaking": {
            "p(95)": 0,
            "avg": 0,
            "min": 0,
            "med": 0,
            "max": 0,
            "p(90)": 0
        },
        "iteration_duration": {
            "avg": 198.02807139626682,
            "min": 1.183125,
            "med": 131.799875,
            "max": 1278.5305,
            "p(90)": 480.9506372,
            "p(95)": 581.8066214500001
        },
        "vus_max": {
            "min": 400,
            "max": 400,
            "value": 400
        },
        "http_req_connecting": {
            "avg": 0.000717697841726618,
            "min": 0,
            "med": 0,
            "max": 1.152,
            "p(90)": 0,
            "p(95)": 0
        }
    },
    "root_group": {
        "name": "",
        "path": "",
        "id": "d41d8cd98f00b204e9800998ecf8427e",
        "groups": {},
        "checks": {
                "search 200": {
                    "name": "search 200",
                    "path": "::search 200",
                    "id": "f1430541508c538fdf29bbd85cfe5de5",
                    "passes": 139000,
                    "fails": 0
                }
            }
    }
}