{
    "root_group": {
        "name": "",
        "path": "",
        "id": "d41d8cd98f00b204e9800998ecf8427e",
        "groups": {},
        "checks": {
                "cart created": {
                    "name": "cart created",
                    "path": "::cart created",
                    "id": "13f8e4080a196ba97ff7c68ec6c13978",
                    "passes": 7816,
                    "fails": 644
                },
                "item added": {
                    "id": "f5bec0a419ba0ecba7a23b4a1d2054a8",
                    "passes": 7116,
                    "fails": 700,
                    "name": "item added",
                    "path": "::item added"
                },
                "order placed": {
                    "path": "::order placed",
                    "id": "75dab9bedc17d036da55ed69e40c4021",
                    "passes": 3647,
                    "fails": 3469,
                    "name": "order placed"
                }
            }
    },
    "metrics": {
        "http_req_failed": {
            "passes": 4813,
            "fails": 18580,
            "value": 0.2057453084255974
        },
        "vus": {
            "min": 121,
            "max": 1500,
            "value": 121
        },
        "order_create_latency": {
            "min": 41.608,
            "med": 12746.9745,
            "max": 35950.967,
            "p(90)": 21206.649500000003,
            "p(95)": 25475.02375,
            "avg": 12819.803552136009
        },
        "iteration_duration": {
            "avg": 23209.59395332811,
            "min": 12.737625,
            "med": 24494.029854499997,
            "max": 63352.954,
            "p(90)": 37128.126787500005,
            "p(95)": 41265.12739819999
        },
        "vus_max": {
            "max": 1500,
            "value": 1500,
            "min": 349
        },
        "http_req_receiving": {
            "avg": 0.19697251314495748,
            "min": 0.007,
            "med": 0.129,
            "max": 10.174,
            "p(90)": 0.377,
            "p(95)": 0.522
        },
        "http_req_duration{expected_response:true}": {
            "avg": 7061.536852421965,
            "min": 32.345,
            "med": 6166.584,
            "max": 35950.967,
            "p(90)": 13950.3919,
            "p(95)": 16395.493249999996
        },
        "http_req_duration{kind:order}": {
            "avg": 12819.803552136009,
            "min": 41.608,
            "med": 12746.9745,
            "max": 35950.967,
            "p(90)": 21206.649500000003,
            "p(95)": 25475.02375,
            "thresholds": {
                "p(95)<200": true
            }
        },
        "data_sent": {
            "count": 7428392,
            "rate": 51360.15327140724
        },
        "errors": {
            "passes": 4813,
            "fails": 3647,
            "thresholds": {
                "rate<0.05": true
            },
            "value": 0.5689125295508274
        },
        "checks": {
            "passes": 18579,
            "fails": 4813,
            "value": 0.7942458960328317
        },
        "checkout_success": {
            "passes": 3647,
            "fails": 4813,
            "thresholds": {
                "rate>0.95": true
            },
            "value": 0.43108747044917256
        },
        "http_req_duration": {
            "avg": 8393.052567904982,
            "min": 12.639,
            "med": 7071.405,
            "max": 35950.967,
            "p(90)": 17329.2922,
            "p(95)": 19935.221999999998
        },
        "http_req_connecting": {
            "avg": 0.016694994229042883,
            "min": 0,
            "med": 0,
            "max": 4.042,
            "p(90)": 0,
            "p(95)": 0.198
        },
        "dropped_iterations": {
            "count": 51541,
            "rate": 356.356215418034
        },
        "http_reqs": {
            "count": 23393,
            "rate": 161.73999238031993
        },
        "http_req_blocked": {
            "p(95)": 0.23939999999999895,
            "avg": 0.026679434018719816,
            "min": 0,
            "med": 0.004,
            "max": 4.501,
            "p(90)": 0.016
        },
        "http_req_waiting": {
            "max": 35950.418,
            "p(90)": 17329.0434,
            "p(95)": 19934.954599999997,
            "avg": 8392.817318086634,
            "min": 12.539,
            "med": 7071.15
        },
        "http_req_sending": {
            "p(95)": 0.096,
            "avg": 0.038277305176761554,
            "min": 0.002,
            "med": 0.025,
            "max": 4.367,
            "p(90)": 0.066
        },
        "data_received": {
            "count": 13438099,
            "rate": 92911.47051964198
        },
        "iterations": {
            "count": 8460,
            "rate": 58.49272583839211
        },
        "http_req_tls_handshaking": {
            "med": 0,
            "max": 0,
            "p(90)": 0,
            "p(95)": 0,
            "avg": 0,
            "min": 0
        }
    },
    "setup_data": {
        "token": "eyJhbGciOiJIUzI1NiIsInR5cCI6IkpXVCJ9.eyJzdWIiOiI2Nzc4Y2E2My1kYmE4LTQxZDgtYjA5Yy1lOWIzMmYxMzAzNzkiLCJlbWFpbCI6ImxvYWR0ZXN0XzE3ODMwMTgyNzA3MzdAZXhhbXBsZS5jb20iLCJyb2xlIjoiQ1VTVE9NRVIiLCJpYXQiOjE3ODMwMTgyNzAsImV4cCI6MTc4MzAxOTE3MH0.m6G3ZjRUrRC6oPQKtIoeb7ytZSFCDch1t-Q2OKhiFyo"
    }
}