{
    "setup_data": {
        "token": "eyJhbGciOiJIUzI1NiIsInR5cCI6IkpXVCJ9.eyJzdWIiOiJkNjBmZjYxYS0yNDViLTQ0MjMtOGViZC1hMTE4NzI1YWIxOTYiLCJlbWFpbCI6ImxvYWR0ZXN0XzE3ODMwMTc4MDQ2MTJAZXhhbXBsZS5jb20iLCJyb2xlIjoiQ1VTVE9NRVIiLCJpYXQiOjE3ODMwMTc4MDQsImV4cCI6MTc4MzAxODcwNH0.vyShD6CpYxNAWbRKUE2th8pvRIEYq50riqcMOtAPMH0"
    },
    "root_group": {
        "name": "",
        "path": "",
        "id": "d41d8cd98f00b204e9800998ecf8427e",
        "groups": {},
        "checks": {
                "cart created": {
                    "name": "cart created",
                    "path": "::cart created",
                    "id": "13f8e4080a196ba97ff7c68ec6c13978",
                    "passes": 0,
                    "fails": 60001
                }
            }
    },
    "metrics": {
        "http_reqs": {
            "count": 60002,
            "rate": 498.4423779527677
        },
        "http_req_tls_handshaking": {
            "max": 0,
            "p(90)": 0,
            "p(95)": 0,
            "avg": 0,
            "min": 0,
            "med": 0
        },
        "http_req_connecting": {
            "med": 0,
            "max": 2.716,
            "p(90)": 0,
            "p(95)": 0,
            "avg": 0.0010360654644845162,
            "min": 0
        },
        "checks": {
            "passes": 0,
            "fails": 60001,
            "value": 0
        },
        "data_sent": {
            "count": 7920383,
            "rate": 65795.3824341968
        },
        "iterations": {
            "count": 60001,
            "rate": 498.43407085670503
        },
        "http_req_blocked": {
            "p(95)": 0.009,
            "avg": 0.006968101063295513,
            "min": 0.001,
            "med": 0.004,
            "max": 3.543,
            "p(90)": 0.007
        },
        "http_req_duration{kind:order}": {
            "max": 0,
            "p(90)": 0,
            "p(95)": 0,
            "avg": 0,
            "min": 0,
            "med": 0,
            "thresholds": {
                "p(95)<200": false
            }
        },
        "http_req_duration": {
            "avg": 2.7877656078130766,
            "min": 0.805,
            "med": 1.523,
            "max": 369.524,
            "p(90)": 3.257,
            "p(95)": 6.1969499999999975
        },
        "iteration_duration": {
            "p(95)": 6.545417,
            "avg": 2.9446243485774932,
            "min": 0.879041,
            "med": 1.6645,
            "max": 228.386125,
            "p(90)": 3.512333
        },
        "http_req_sending": {
            "p(90)": 0.029,
            "p(95)": 0.039949999999997335,
            "avg": 0.022832555581478873,
            "min": 0.002,
            "med": 0.018,
            "max": 6.392
        },
        "vus": {
            "value": 1,
            "min": 0,
            "max": 18
        },
        "http_req_duration{expected_response:true}": {
            "avg": 369.524,
            "min": 369.524,
            "med": 369.524,
            "max": 369.524,
            "p(90)": 369.524,
            "p(95)": 369.524
        },
        "http_req_receiving": {
            "min": 0.006,
            "med": 0.033,
            "max": 10.101,
            "p(90)": 0.064,
            "p(95)": 0.085,
            "avg": 0.045038315389485516
        },
        "http_req_failed": {
            "passes": 60001,
            "fails": 1,
            "value": 0.9999833338888704
        },
        "http_req_waiting": {
            "avg": 2.7198947368420754,
            "min": 0.768,
            "med": 1.464,
            "max": 369.338,
            "p(90)": 3.135,
            "p(95)": 6.068899999999995
        },
        "data_received": {
            "rate": 167979.68350130145,
            "count": 20221228
        },
        "errors": {
            "passes": 60001,
            "fails": 0,
            "thresholds": {
                "rate<0.05": true
            },
            "value": 1
        },
        "vus_max": {
            "min": 300,
            "max": 300,
            "value": 300
        },
        "checkout_success": {
            "passes": 0,
            "fails": 60001,
            "thresholds": {
                "rate>0.95": true
            },
            "value": 0
        }
    }
}